Name,EntryPoint,Size(bytes),IsExternal
"_init",0040154c,120,false
"_ftext",004015d0,252,false
"FUN_004016cc",004016cc,1436,false
"FUN_00401c68",00401c68,500,false
"FUN_00401e5c",00401e5c,972,false
"main",00402228,4856,false
"entry",00403520,88,false
"FUN_00403580",00403580,204,false
"FUN_0040364c",0040364c,120,false
"FUN_004036d0",004036d0,196,false
"FUN_00403794",00403794,80,false
"FUN_004037e4",004037e4,140,false
"FUN_00403870",00403870,32,false
"FUN_00403890",00403890,76,false
"FUN_004038dc",004038dc,256,false
"FUN_004039dc",004039dc,168,false
"FUN_00403a84",00403a84,108,false
"FUN_00403af0",00403af0,76,false
"FUN_00403b3c",00403b3c,256,false
"FUN_00403c3c",00403c3c,60,false
"FUN_00403c78",00403c78,148,false
"FUN_00403d0c",00403d0c,140,false
"FUN_00403d98",00403d98,1708,false
"FUN_00404444",00404444,316,false
"FUN_00404580",00404580,524,false
"FUN_0040478c",0040478c,268,false
"FUN_00404898",00404898,140,false
"FUN_00404924",00404924,168,false
"FUN_004049cc",004049cc,56,false
"FUN_00404a04",00404a04,84,false
"FUN_00404a58",00404a58,244,false
"FUN_00404b4c",00404b4c,56,false
"FUN_00404b84",00404b84,56,false
"FUN_00404bbc",00404bbc,1660,false
"FUN_00405238",00405238,176,false
"FUN_004052e8",004052e8,144,false
"FUN_00405378",00405378,104,false
"FUN_004053e0",004053e0,212,false
"FUN_004054b4",004054b4,72,false
"FUN_004054fc",004054fc,72,false
"FUN_00405544",00405544,24,false
"FUN_0040555c",0040555c,176,false
"FUN_0040560c",0040560c,40,false
"FUN_00405634",00405634,244,false
"FUN_00405728",00405728,484,false
"FUN_0040590c",0040590c,128,false
"FUN_0040598c",0040598c,300,false
"FUN_00405ab8",00405ab8,128,false
"FUN_00405b38",00405b38,268,false
"FUN_00405c44",00405c44,276,false
"FUN_00405d58",00405d58,168,false
"FUN_00405e00",00405e00,656,false
"FUN_00406090",00406090,280,false
"FUN_004061a8",004061a8,280,false
"FUN_004062c0",004062c0,572,false
"FUN_004064fc",004064fc,1504,false
"FUN_00406adc",00406adc,1096,false
"FUN_00406f24",00406f24,2820,false
"FUN_00407a28",00407a28,10700,false
"FUN_0040a4c0",0040a4c0,316,false
"match",0040a5fc,180,false
"FUN_0040a6b0",0040a6b0,136,false
"FUN_0040a738",0040a738,208,false
"FUN_0040a808",0040a808,152,false
"FUN_0040a8a0",0040a8a0,152,false
"FUN_0040a938",0040a938,32,false
"tdate_parse",0040a958,1344,false
"FUN_0040aea0",0040aea0,76,false
"tolower",0040aef0,16,false
"bind",0040af00,16,false
"gethostbyname",0040af10,16,false
"strftime",0040af20,16,false
"strtok_r",0040af30,16,false
"__errno_location",0040af40,16,false
"fcntl64",0040af50,16,false
"getenv",0040af60,16,false
"daemon",0040af70,16,false
"fwrite",0040af80,16,false
"system",0040af90,16,false
"usleep",0040afa0,16,false
"memcpy",0040afb0,16,false
"sleep",0040afc0,16,false
"realloc",0040afd0,16,false
"vfprintf",0040afe0,16,false
"sysinfo",0040aff0,16,false
"strspn",0040b000,16,false
"getsockname",0040b010,16,false
"strcat",0040b020,16,false
"execve",0040b030,16,false
"openlog",0040b040,16,false
"SSL_load_error_strings",0040b050,16,false
"getcwd",0040b060,16,false
"strcasecmp",0040b070,16,false
"atol",0040b080,16,false
"malloc",0040b090,16,false
"strrchr",0040b0a0,16,false
"strncmp",0040b0b0,16,false
"SSL_CTX_check_private_key",0040b0c0,16,false
"__uClibc_main",0040b0d0,16,false
"fopen64",0040b0e0,16,false
"ioctl",0040b0f0,16,false
"strlen",0040b100,16,false
"SSL_free",0040b110,16,false
"gmtime",0040b120,16,false
"snprintf",0040b130,16,false
"dup2",0040b140,16,false
"read",0040b150,16,false
"select",0040b160,16,false
"strncasecmp",0040b170,16,false
"initgroups",0040b180,16,false
"nvram_bcm_set",0040b190,16,false
"access",0040b1a0,16,false
"stat64",0040b1b0,16,false
"lockf64",0040b1c0,16,false
"getpid",0040b1d0,16,false
"SSL_CTX_new",0040b1e0,16,false
"nvram_get",0040b1f0,16,false
"memmove",0040b200,16,false
"fclose",0040b210,16,false
"setsockopt",0040b220,16,false
"fread",0040b230,16,false
"SSL_read",0040b240,16,false
"scandir64",0040b250,16,false
"SSL_set_fd",0040b260,16,false
"gethostname",0040b270,16,false
"lstat64",0040b280,16,false
"time",0040b290,16,false
"write",0040b2a0,16,false
"getpwnam",0040b2b0,16,false
"inet_network",0040b2c0,16,false
"localtime",0040b2d0,16,false
"close",0040b2e0,16,false
"fputc",0040b2f0,16,false
"setsid",0040b300,16,false
"tzset",0040b310,16,false
"nvram_get_func",0040b320,16,false
"fgets",0040b330,16,false
"sscanf",0040b340,16,false
"strncpy",0040b350,16,false
"mmap64",0040b360,16,false
"nice",0040b370,16,false
"setuid",0040b380,16,false
"SSL_CTX_use_PrivateKey_file",0040b390,16,false
"SSL_library_init",0040b3a0,16,false
"getppid",0040b3b0,16,false
"chdir",0040b3c0,16,false
"unlink",0040b3d0,16,false
"SSL_CTX_use_certificate_file",0040b3e0,16,false
"closelog",0040b3f0,16,false
"fflush",0040b400,16,false
"memset",0040b410,16,false
"inet_ntoa",0040b420,16,false
"qsort",0040b430,16,false
"perror",0040b440,16,false
"SSL_CTX_set_cipher_list",0040b450,16,false
"flock",0040b460,16,false
"munmap",0040b470,16,false
"SSL_new",0040b480,16,false
"getuid",0040b490,16,false
"SSL_write",0040b4a0,16,false
"fprintf",0040b4b0,16,false
"inet_addr",0040b4c0,16,false
"strcspn",0040b4d0,16,false
"setgroups",0040b4e0,16,false
"syslog",0040b4f0,16,false
"sprintf",0040b500,16,false
"strcasestr",0040b510,16,false
"socket",0040b520,16,false
"SSL_accept",0040b530,16,false
"exit",0040b540,16,false
"fork",0040b550,16,false
"strstr",0040b560,16,false
"open64",0040b570,16,false
"strcmp",0040b580,16,false
"waitpid",0040b590,16,false
"accept",0040b5a0,16,false
"atoi",0040b5b0,16,false
"strpbrk",0040b5c0,16,false
"alarm",0040b5d0,16,false
"strchr",0040b5e0,16,false
"sendfile64",0040b5f0,16,false
"listen",0040b600,16,false
"strdup",0040b610,16,false
"puts",0040b620,16,false
"fscanf",0040b630,16,false
"setgid",0040b640,16,false
"signal",0040b650,16,false
"nvram_set",0040b660,16,false
"pipe",0040b670,16,false
"SSLv23_server_method",0040b680,16,false
"chroot",0040b690,16,false
"strcpy",0040b6a0,16,false
"kill",0040b6b0,16,false
"shutdown",0040b6c0,32,false
"_fini",0040b6e0,84,false
"__deregister_frame_info",00429000,1,false
"alphasort64",00429010,1,false
"_Jv_RegisterClasses",00429014,1,false
"__register_frame_info",00429018,1,false
Name,EntryPoint,Size(bytes),IsExternal
"_init",0040154c,120,false
"_ftext",004015d0,252,false
"FUN_004016cc",004016cc,1436,false
"FUN_00401c68",00401c68,500,false
"FUN_00401e5c",00401e5c,972,false
"main",00402228,4856,false
"entry",00403520,88,false
"FUN_00403580",00403580,204,false
"FUN_0040364c",0040364c,120,false
"FUN_004036d0",004036d0,196,false
"FUN_00403794",00403794,80,false
"FUN_004037e4",004037e4,140,false
"FUN_00403870",00403870,32,false
"FUN_00403890",00403890,76,false
"FUN_004038dc",004038dc,256,false
"FUN_004039dc",004039dc,168,false
"FUN_00403a84",00403a84,108,false
"FUN_00403af0",00403af0,76,false
"FUN_00403b3c",00403b3c,256,false
"FUN_00403c3c",00403c3c,60,false
"FUN_00403c78",00403c78,148,false
"FUN_00403d0c",00403d0c,140,false
"FUN_00403d98",00403d98,1708,false
"FUN_00404444",00404444,316,false
"FUN_00404580",00404580,524,false
"FUN_0040478c",0040478c,268,false
"FUN_00404898",00404898,140,false
"FUN_00404924",00404924,168,false
"FUN_004049cc",004049cc,56,false
"FUN_00404a04",00404a04,84,false
"FUN_00404a58",00404a58,244,false
"FUN_00404b4c",00404b4c,56,false
"FUN_00404b84",00404b84,56,false
"FUN_00404bbc",00404bbc,1660,false
"FUN_00405238",00405238,176,false
"FUN_004052e8",004052e8,144,false
"FUN_00405378",00405378,104,false
"FUN_004053e0",004053e0,212,false
"FUN_004054b4",004054b4,72,false
"FUN_004054fc",004054fc,72,false
"FUN_00405544",00405544,24,false
"FUN_0040555c",0040555c,176,false
"FUN_0040560c",0040560c,40,false
"FUN_00405634",00405634,244,false
"FUN_00405728",00405728,484,false
"FUN_0040590c",0040590c,128,false
"FUN_0040598c",0040598c,300,false
"FUN_00405ab8",00405ab8,128,false
"FUN_00405b38",00405b38,268,false
"FUN_00405c44",00405c44,276,false
"FUN_00405d58",00405d58,168,false
"FUN_00405e00",00405e00,656,false
"FUN_00406090",00406090,280,false
"FUN_004061a8",004061a8,280,false
"FUN_004062c0",004062c0,572,false
"FUN_004064fc",004064fc,1504,false
"FUN_00406adc",00406adc,1096,false
"FUN_00406f24",00406f24,2820,false
"FUN_00407a28",00407a28,10700,false
"FUN_0040a4c0",0040a4c0,316,false
"match",0040a5fc,180,false
"FUN_0040a6b0",0040a6b0,136,false
"FUN_0040a738",0040a738,208,false
"FUN_0040a808",0040a808,152,false
"FUN_0040a8a0",0040a8a0,152,false
"FUN_0040a938",0040a938,32,false
"tdate_parse",0040a958,1344,false
"FUN_0040aea0",0040aea0,76,false
"tolower",0040aef0,16,false
"bind",0040af00,16,false
"gethostbyname",0040af10,16,false
"strftime",0040af20,16,false
"strtok_r",0040af30,16,false
"__errno_location",0040af40,16,false
"fcntl64",0040af50,16,false
"getenv",0040af60,16,false
"daemon",0040af70,16,false
"fwrite",0040af80,16,false
"system",0040af90,16,false
"usleep",0040afa0,16,false
"memcpy",0040afb0,16,false
"sleep",0040afc0,16,false
"realloc",0040afd0,16,false
"vfprintf",0040afe0,16,false
"sysinfo",0040aff0,16,false
"strspn",0040b000,16,false
"getsockname",0040b010,16,false
"strcat",0040b020,16,false
"execve",0040b030,16,false
"openlog",0040b040,16,false
"SSL_load_error_strings",0040b050,16,false
"getcwd",0040b060,16,false
"strcasecmp",0040b070,16,false
"atol",0040b080,16,false
"malloc",0040b090,16,false
"strrchr",0040b0a0,16,false
"strncmp",0040b0b0,16,false
"SSL_CTX_check_private_key",0040b0c0,16,false
"__uClibc_main",0040b0d0,16,false
"fopen64",0040b0e0,16,false
"ioctl",0040b0f0,16,false
"strlen",0040b100,16,false
"SSL_free",0040b110,16,false
"gmtime",0040b120,16,false
"snprintf",0040b130,16,false
"dup2",0040b140,16,false
"read",0040b150,16,false
"select",0040b160,16,false
"strncasecmp",0040b170,16,false
"initgroups",0040b180,16,false
"nvram_bcm_set",0040b190,16,false
"access",0040b1a0,16,false
"stat64",0040b1b0,16,false
"lockf64",0040b1c0,16,false
"getpid",0040b1d0,16,false
"SSL_CTX_new",0040b1e0,16,false
"nvram_get",0040b1f0,16,false
"memmove",0040b200,16,false
"fclose",0040b210,16,false
"setsockopt",0040b220,16,false
"fread",0040b230,16,false
"SSL_read",0040b240,16,false
"scandir64",0040b250,16,false
"SSL_set_fd",0040b260,16,false
"gethostname",0040b270,16,false
"lstat64",0040b280,16,false
"time",0040b290,16,false
"write",0040b2a0,16,false
"getpwnam",0040b2b0,16,false
"inet_network",0040b2c0,16,false
"localtime",0040b2d0,16,false
"close",0040b2e0,16,false
"fputc",0040b2f0,16,false
"setsid",0040b300,16,false
"tzset",0040b310,16,false
"nvram_get_func",0040b320,16,false
"fgets",0040b330,16,false
"sscanf",0040b340,16,false
"strncpy",0040b350,16,false
"mmap64",0040b360,16,false
"nice",0040b370,16,false
"setuid",0040b380,16,false
"SSL_CTX_use_PrivateKey_file",0040b390,16,false
"SSL_library_init",0040b3a0,16,false
"getppid",0040b3b0,16,false
"chdir",0040b3c0,16,false
"unlink",0040b3d0,16,false
"SSL_CTX_use_certificate_file",0040b3e0,16,false
"closelog",0040b3f0,16,false
"fflush",0040b400,16,false
"memset",0040b410,16,false
"inet_ntoa",0040b420,16,false
"qsort",0040b430,16,false
"perror",0040b440,16,false
"SSL_CTX_set_cipher_list",0040b450,16,false
"flock",0040b460,16,false
"munmap",0040b470,16,false
"SSL_new",0040b480,16,false
"getuid",0040b490,16,false
"SSL_write",0040b4a0,16,false
"fprintf",0040b4b0,16,false
"inet_addr",0040b4c0,16,false
"strcspn",0040b4d0,16,false
"setgroups",0040b4e0,16,false
"syslog",0040b4f0,16,false
"sprintf",0040b500,16,false
"strcasestr",0040b510,16,false
"socket",0040b520,16,false
"SSL_accept",0040b530,16,false
"exit",0040b540,16,false
"fork",0040b550,16,false
"strstr",0040b560,16,false
"open64",0040b570,16,false
"strcmp",0040b580,16,false
"waitpid",0040b590,16,false
"accept",0040b5a0,16,false
"atoi",0040b5b0,16,false
"strpbrk",0040b5c0,16,false
"alarm",0040b5d0,16,false
"strchr",0040b5e0,16,false
"sendfile64",0040b5f0,16,false
"listen",0040b600,16,false
"strdup",0040b610,16,false
"puts",0040b620,16,false
"fscanf",0040b630,16,false
"setgid",0040b640,16,false
"signal",0040b650,16,false
"nvram_set",0040b660,16,false
"pipe",0040b670,16,false
"SSLv23_server_method",0040b680,16,false
"chroot",0040b690,16,false
"strcpy",0040b6a0,16,false
"kill",0040b6b0,16,false
"shutdown",0040b6c0,32,false
"_fini",0040b6e0,84,false
"__deregister_frame_info",00429000,1,false
"alphasort64",00429010,1,false
"_Jv_RegisterClasses",00429014,1,false
"__register_frame_info",00429018,1,false
Name,EntryPoint,Size(bytes),IsExternal
"_init",0040154c,120,false
"_ftext",004015d0,252,false
"FUN_004016cc",004016cc,1436,false
"FUN_00401c68",00401c68,500,false
"FUN_00401e5c",00401e5c,972,false
"main",00402228,4856,false
"entry",00403520,88,false
"FUN_00403580",00403580,204,false
"FUN_0040364c",0040364c,120,false
"FUN_004036d0",004036d0,196,false
"FUN_00403794",00403794,80,false
"FUN_004037e4",004037e4,140,false
"FUN_00403870",00403870,32,false
"FUN_00403890",00403890,76,false
"FUN_004038dc",004038dc,256,false
"FUN_004039dc",004039dc,168,false
"FUN_00403a84",00403a84,108,false
"FUN_00403af0",00403af0,76,false
"FUN_00403b3c",00403b3c,256,false
"FUN_00403c3c",00403c3c,60,false
"FUN_00403c78",00403c78,148,false
"FUN_00403d0c",00403d0c,140,false
"FUN_00403d98",00403d98,1708,false
"FUN_00404444",00404444,316,false
"FUN_00404580",00404580,524,false
"FUN_0040478c",0040478c,268,false
"FUN_00404898",00404898,140,false
"FUN_00404924",00404924,168,false
"FUN_004049cc",004049cc,56,false
"FUN_00404a04",00404a04,84,false
"FUN_00404a58",00404a58,244,false
"FUN_00404b4c",00404b4c,56,false
"FUN_00404b84",00404b84,56,false
"FUN_00404bbc",00404bbc,1660,false
"FUN_00405238",00405238,176,false
"FUN_004052e8",004052e8,144,false
"FUN_00405378",00405378,104,false
"FUN_004053e0",004053e0,212,false
"FUN_004054b4",004054b4,72,false
"FUN_004054fc",004054fc,72,false
"FUN_00405544",00405544,24,false
"FUN_0040555c",0040555c,176,false
"FUN_0040560c",0040560c,40,false
"FUN_00405634",00405634,244,false
"FUN_00405728",00405728,484,false
"FUN_0040590c",0040590c,128,false
"FUN_0040598c",0040598c,300,false
"FUN_00405ab8",00405ab8,128,false
"FUN_00405b38",00405b38,268,false
"FUN_00405c44",00405c44,276,false
"FUN_00405d58",00405d58,168,false
"FUN_00405e00",00405e00,656,false
"FUN_00406090",00406090,280,false
"FUN_004061a8",004061a8,280,false
"FUN_004062c0",004062c0,572,false
"FUN_004064fc",004064fc,1504,false
"FUN_00406adc",00406adc,1096,false
"FUN_00406f24",00406f24,2820,false
"FUN_00407a28",00407a28,10700,false
"FUN_0040a4c0",0040a4c0,316,false
"match",0040a5fc,180,false
"FUN_0040a6b0",0040a6b0,136,false
"FUN_0040a738",0040a738,208,false
"FUN_0040a808",0040a808,152,false
"FUN_0040a8a0",0040a8a0,152,false
"FUN_0040a938",0040a938,32,false
"tdate_parse",0040a958,1344,false
"FUN_0040aea0",0040aea0,76,false
"tolower",0040aef0,16,false
"bind",0040af00,16,false
"gethostbyname",0040af10,16,false
"strftime",0040af20,16,false
"strtok_r",0040af30,16,false
"__errno_location",0040af40,16,false
"fcntl64",0040af50,16,false
"getenv",0040af60,16,false
"daemon",0040af70,16,false
"fwrite",0040af80,16,false
"system",0040af90,16,false
"usleep",0040afa0,16,false
"memcpy",0040afb0,16,false
"sleep",0040afc0,16,false
"realloc",0040afd0,16,false
"vfprintf",0040afe0,16,false
"sysinfo",0040aff0,16,false
"strspn",0040b000,16,false
"getsockname",0040b010,16,false
"strcat",0040b020,16,false
"execve",0040b030,16,false
"openlog",0040b040,16,false
"SSL_load_error_strings",0040b050,16,false
"getcwd",0040b060,16,false
"strcasecmp",0040b070,16,false
"atol",0040b080,16,false
"malloc",0040b090,16,false
"strrchr",0040b0a0,16,false
"strncmp",0040b0b0,16,false
"SSL_CTX_check_private_key",0040b0c0,16,false
"__uClibc_main",0040b0d0,16,false
"fopen64",0040b0e0,16,false
"ioctl",0040b0f0,16,false
"strlen",0040b100,16,false
"SSL_free",0040b110,16,false
"gmtime",0040b120,16,false
"snprintf",0040b130,16,false
"dup2",0040b140,16,false
"read",0040b150,16,false
"select",0040b160,16,false
"strncasecmp",0040b170,16,false
"initgroups",0040b180,16,false
"nvram_bcm_set",0040b190,16,false
"access",0040b1a0,16,false
"stat64",0040b1b0,16,false
"lockf64",0040b1c0,16,false
"getpid",0040b1d0,16,false
"SSL_CTX_new",0040b1e0,16,false
"nvram_get",0040b1f0,16,false
"memmove",0040b200,16,false
"fclose",0040b210,16,false
"setsockopt",0040b220,16,false
"fread",0040b230,16,false
"SSL_read",0040b240,16,false
"scandir64",0040b250,16,false
"SSL_set_fd",0040b260,16,false
"gethostname",0040b270,16,false
"lstat64",0040b280,16,false
"time",0040b290,16,false
"write",0040b2a0,16,false
"getpwnam",0040b2b0,16,false
"inet_network",0040b2c0,16,false
"localtime",0040b2d0,16,false
"close",0040b2e0,16,false
"fputc",0040b2f0,16,false
"setsid",0040b300,16,false
"tzset",0040b310,16,false
"nvram_get_func",0040b320,16,false
"fgets",0040b330,16,false
"sscanf",0040b340,16,false
"strncpy",0040b350,16,false
"mmap64",0040b360,16,false
"nice",0040b370,16,false
"setuid",0040b380,16,false
"SSL_CTX_use_PrivateKey_file",0040b390,16,false
"SSL_library_init",0040b3a0,16,false
"getppid",0040b3b0,16,false
"chdir",0040b3c0,16,false
"unlink",0040b3d0,16,false
"SSL_CTX_use_certificate_file",0040b3e0,16,false
"closelog",0040b3f0,16,false
"fflush",0040b400,16,false
"memset",0040b410,16,false
"inet_ntoa",0040b420,16,false
"qsort",0040b430,16,false
"perror",0040b440,16,false
"SSL_CTX_set_cipher_list",0040b450,16,false
"flock",0040b460,16,false
"munmap",0040b470,16,false
"SSL_new",0040b480,16,false
"getuid",0040b490,16,false
"SSL_write",0040b4a0,16,false
"fprintf",0040b4b0,16,false
"inet_addr",0040b4c0,16,false
"strcspn",0040b4d0,16,false
"setgroups",0040b4e0,16,false
"syslog",0040b4f0,16,false
"sprintf",0040b500,16,false
"strcasestr",0040b510,16,false
"socket",0040b520,16,false
"SSL_accept",0040b530,16,false
"exit",0040b540,16,false
"fork",0040b550,16,false
"strstr",0040b560,16,false
"open64",0040b570,16,false
"strcmp",0040b580,16,false
"waitpid",0040b590,16,false
"accept",0040b5a0,16,false
"atoi",0040b5b0,16,false
"strpbrk",0040b5c0,16,false
"alarm",0040b5d0,16,false
"strchr",0040b5e0,16,false
"sendfile64",0040b5f0,16,false
"listen",0040b600,16,false
"strdup",0040b610,16,false
"puts",0040b620,16,false
"fscanf",0040b630,16,false
"setgid",0040b640,16,false
"signal",0040b650,16,false
"nvram_set",0040b660,16,false
"pipe",0040b670,16,false
"SSLv23_server_method",0040b680,16,false
"chroot",0040b690,16,false
"strcpy",0040b6a0,16,false
"kill",0040b6b0,16,false
"shutdown",0040b6c0,32,false
"_fini",0040b6e0,84,false
"__deregister_frame_info",00429000,1,false
"alphasort64",00429010,1,false
"_Jv_RegisterClasses",00429014,1,false
"__register_frame_info",00429018,1,false
Name,EntryPoint,Size(bytes),IsExternal
"_init",0040154c,120,false
"_ftext",004015d0,252,false
"FUN_004016cc",004016cc,1436,false
"FUN_00401c68",00401c68,500,false
"FUN_00401e5c",00401e5c,972,false
"main",00402228,4856,false
"entry",00403520,88,false
"FUN_00403580",00403580,204,false
"FUN_0040364c",0040364c,120,false
"FUN_004036d0",004036d0,196,false
"FUN_00403794",00403794,80,false
"FUN_004037e4",004037e4,140,false
"FUN_00403870",00403870,32,false
"FUN_00403890",00403890,76,false
"FUN_004038dc",004038dc,256,false
"FUN_004039dc",004039dc,168,false
"FUN_00403a84",00403a84,108,false
"FUN_00403af0",00403af0,76,false
"FUN_00403b3c",00403b3c,256,false
"FUN_00403c3c",00403c3c,60,false
"FUN_00403c78",00403c78,148,false
"FUN_00403d0c",00403d0c,140,false
"FUN_00403d98",00403d98,1708,false
"FUN_00404444",00404444,316,false
"FUN_00404580",00404580,524,false
"FUN_0040478c",0040478c,268,false
"FUN_00404898",00404898,140,false
"FUN_00404924",00404924,168,false
"FUN_004049cc",004049cc,56,false
"FUN_00404a04",00404a04,84,false
"FUN_00404a58",00404a58,244,false
"FUN_00404b4c",00404b4c,56,false
"FUN_00404b84",00404b84,56,false
"FUN_00404bbc",00404bbc,1660,false
"FUN_00405238",00405238,176,false
"FUN_004052e8",004052e8,144,false
"FUN_00405378",00405378,104,false
"FUN_004053e0",004053e0,212,false
"FUN_004054b4",004054b4,72,false
"FUN_004054fc",004054fc,72,false
"FUN_00405544",00405544,24,false
"FUN_0040555c",0040555c,176,false
"FUN_0040560c",0040560c,40,false
"FUN_00405634",00405634,244,false
"FUN_00405728",00405728,484,false
"FUN_0040590c",0040590c,128,false
"FUN_0040598c",0040598c,300,false
"FUN_00405ab8",00405ab8,128,false
"FUN_00405b38",00405b38,268,false
"FUN_00405c44",00405c44,276,false
"FUN_00405d58",00405d58,168,false
"FUN_00405e00",00405e00,656,false
"FUN_00406090",00406090,280,false
"FUN_004061a8",004061a8,280,false
"FUN_004062c0",004062c0,572,false
"FUN_004064fc",004064fc,1504,false
"FUN_00406adc",00406adc,1096,false
"FUN_00406f24",00406f24,2820,false
"FUN_00407a28",00407a28,10700,false
"FUN_0040a4c0",0040a4c0,316,false
"match",0040a5fc,180,false
"FUN_0040a6b0",0040a6b0,136,false
"FUN_0040a738",0040a738,208,false
"FUN_0040a808",0040a808,152,false
"FUN_0040a8a0",0040a8a0,152,false
"FUN_0040a938",0040a938,32,false
"tdate_parse",0040a958,1344,false
"FUN_0040aea0",0040aea0,76,false
"tolower",0040aef0,16,false
"bind",0040af00,16,false
"gethostbyname",0040af10,16,false
"strftime",0040af20,16,false
"strtok_r",0040af30,16,false
"__errno_location",0040af40,16,false
"fcntl64",0040af50,16,false
"getenv",0040af60,16,false
"daemon",0040af70,16,false
"fwrite",0040af80,16,false
"system",0040af90,16,false
"usleep",0040afa0,16,false
"memcpy",0040afb0,16,false
"sleep",0040afc0,16,false
"realloc",0040afd0,16,false
"vfprintf",0040afe0,16,false
"sysinfo",0040aff0,16,false
"strspn",0040b000,16,false
"getsockname",0040b010,16,false
"strcat",0040b020,16,false
"execve",0040b030,16,false
"openlog",0040b040,16,false
"SSL_load_error_strings",0040b050,16,false
"getcwd",0040b060,16,false
"strcasecmp",0040b070,16,false
"atol",0040b080,16,false
"malloc",0040b090,16,false
"strrchr",0040b0a0,16,false
"strncmp",0040b0b0,16,false
"SSL_CTX_check_private_key",0040b0c0,16,false
"__uClibc_main",0040b0d0,16,false
"fopen64",0040b0e0,16,false
"ioctl",0040b0f0,16,false
"strlen",0040b100,16,false
"SSL_free",0040b110,16,false
"gmtime",0040b120,16,false
"snprintf",0040b130,16,false
"dup2",0040b140,16,false
"read",0040b150,16,false
"select",0040b160,16,false
"strncasecmp",0040b170,16,false
"initgroups",0040b180,16,false
"nvram_bcm_set",0040b190,16,false
"access",0040b1a0,16,false
"stat64",0040b1b0,16,false
"lockf64",0040b1c0,16,false
"getpid",0040b1d0,16,false
"SSL_CTX_new",0040b1e0,16,false
"nvram_get",0040b1f0,16,false
"memmove",0040b200,16,false
"fclose",0040b210,16,false
"setsockopt",0040b220,16,false
"fread",0040b230,16,false
"SSL_read",0040b240,16,false
"scandir64",0040b250,16,false
"SSL_set_fd",0040b260,16,false
"gethostname",0040b270,16,false
"lstat64",0040b280,16,false
"time",0040b290,16,false
"write",0040b2a0,16,false
"getpwnam",0040b2b0,16,false
"inet_network",0040b2c0,16,false
"localtime",0040b2d0,16,false
"close",0040b2e0,16,false
"fputc",0040b2f0,16,false
"setsid",0040b300,16,false
"tzset",0040b310,16,false
"nvram_get_func",0040b320,16,false
"fgets",0040b330,16,false
"sscanf",0040b340,16,false
"strncpy",0040b350,16,false
"mmap64",0040b360,16,false
"nice",0040b370,16,false
"setuid",0040b380,16,false
"SSL_CTX_use_PrivateKey_file",0040b390,16,false
"SSL_library_init",0040b3a0,16,false
"getppid",0040b3b0,16,false
"chdir",0040b3c0,16,false
"unlink",0040b3d0,16,false
"SSL_CTX_use_certificate_file",0040b3e0,16,false
"closelog",0040b3f0,16,false
"fflush",0040b400,16,false
"memset",0040b410,16,false
"inet_ntoa",0040b420,16,false
"qsort",0040b430,16,false
"perror",0040b440,16,false
"SSL_CTX_set_cipher_list",0040b450,16,false
"flock",0040b460,16,false
"munmap",0040b470,16,false
"SSL_new",0040b480,16,false
"getuid",0040b490,16,false
"SSL_write",0040b4a0,16,false
"fprintf",0040b4b0,16,false
"inet_addr",0040b4c0,16,false
"strcspn",0040b4d0,16,false
"setgroups",0040b4e0,16,false
"syslog",0040b4f0,16,false
"sprintf",0040b500,16,false
"strcasestr",0040b510,16,false
"socket",0040b520,16,false
"SSL_accept",0040b530,16,false
"exit",0040b540,16,false
"fork",0040b550,16,false
"strstr",0040b560,16,false
"open64",0040b570,16,false
"strcmp",0040b580,16,false
"waitpid",0040b590,16,false
"accept",0040b5a0,16,false
"atoi",0040b5b0,16,false
"strpbrk",0040b5c0,16,false
"alarm",0040b5d0,16,false
"strchr",0040b5e0,16,false
"sendfile64",0040b5f0,16,false
"listen",0040b600,16,false
"strdup",0040b610,16,false
"puts",0040b620,16,false
"fscanf",0040b630,16,false
"setgid",0040b640,16,false
"signal",0040b650,16,false
"nvram_set",0040b660,16,false
"pipe",0040b670,16,false
"SSLv23_server_method",0040b680,16,false
"chroot",0040b690,16,false
"strcpy",0040b6a0,16,false
"kill",0040b6b0,16,false
"shutdown",0040b6c0,32,false
"_fini",0040b6e0,84,false
"__deregister_frame_info",00429000,1,false
"alphasort64",00429010,1,false
"_Jv_RegisterClasses",00429014,1,false
"__register_frame_info",00429018,1,false
